pole_external_ref,fixture_type,power_source,lamp_watt,install_date,removed_date,warranty_expiry,data_source
POLE-0001,led_road_lamp,grid,100,2023-01-15,,2024-03-24,field
POLE-0002,led_road_lamp,grid,100,2023-01-15,,2024-09-20,field
POLE-0003,led_road_lamp,grid,60,2023-01-15,,2026-10-09,field
POLE-0004,led_road_lamp,grid,60,2023-01-15,,2026-02-03,field
POLE-0005,led_road_lamp,grid,60,2023-01-15,,2027-09-04,field
POLE-0006,led_road_lamp,grid,100,2023-01-15,,2024-12-03,field
POLE-0007,led_road_lamp,grid,80,2023-01-15,,2025-02-13,field
POLE-0008,led_road_lamp,grid,100,2023-01-15,,2023-10-21,field
POLE-0009,led_road_lamp,grid,60,2023-01-15,,2024-11-11,field
POLE-0010,led_road_lamp,grid,80,2023-01-15,,2026-04-21,field
POLE-0011,led_road_lamp,grid,100,2023-01-15,,2026-12-19,field
POLE-0012,led_road_lamp,grid,60,2023-01-15,,2024-09-16,field
POLE-0013,led_road_lamp,grid,80,2023-01-15,,2026-07-13,field
POLE-0014,led_road_lamp,grid,100,2023-01-15,,2024-11-18,field
POLE-0015,led_road_lamp,grid,100,2023-01-15,,2025-09-25,field
POLE-0016,led_road_lamp,grid,100,2023-01-15,,2024-03-12,field
POLE-0017,led_road_lamp,grid,60,2023-01-15,,2025-05-08,field
POLE-0018,led_road_lamp,grid,100,2023-01-15,,2025-03-22,field
POLE-0019,led_road_lamp,grid,100,2023-01-15,,2027-09-25,field
POLE-0020,led_road_lamp,grid,60,2023-01-15,,2026-08-17,field
POLE-0021,led_road_lamp,grid,60,2023-01-15,,2024-10-08,field
POLE-0022,led_road_lamp,grid,100,2023-01-15,,2024-09-08,field
POLE-0023,led_road_lamp,grid,80,2023-01-15,,2027-04-26,field
POLE-0024,led_road_lamp,grid,60,2023-01-15,,2025-06-25,field
POLE-0025,led_road_lamp,grid,100,2023-01-15,,2023-04-07,field
POLE-0026,led_road_lamp,grid,60,2023-01-15,,2026-08-26,field
POLE-0027,led_road_lamp,grid,80,2023-01-15,,2024-04-06,field
POLE-0028,led_road_lamp,grid,80,2023-01-15,,2027-01-13,field
POLE-0029,led_road_lamp,grid,60,2023-01-15,,2027-03-07,field
POLE-0030,led_road_lamp,grid,100,2023-01-15,,2024-01-19,field
POLE-0031,led_road_lamp,grid,60,2023-01-15,,2026-10-03,field
POLE-0032,led_road_lamp,grid,100,2023-01-15,,2024-10-03,field
POLE-0033,led_road_lamp,grid,100,2023-01-15,,2024-05-13,field
POLE-0034,led_road_lamp,grid,60,2023-01-15,,2026-08-20,field
POLE-0035,led_road_lamp,grid,80,2023-01-15,,2026-02-08,field
POLE-0036,led_road_lamp,grid,80,2023-01-15,,2026-11-27,field
POLE-0037,led_road_lamp,grid,80,2023-01-15,,2023-12-18,field
POLE-0038,led_road_lamp,grid,60,2023-01-15,,2026-09-16,field
POLE-0039,led_road_lamp,grid,60,2023-01-15,,2026-03-21,field
POLE-0040,led_road_lamp,grid,60,2023-01-15,,2026-12-05,field
POLE-0041,led_road_lamp,grid,80,2023-01-15,,2025-06-26,field
POLE-0042,led_road_lamp,grid,60,2023-01-15,,2026-10-24,field
POLE-0043,led_road_lamp,grid,80,2023-01-15,,2024-03-24,field
POLE-0044,led_road_lamp,grid,80,2023-01-15,,2023-08-08,field
POLE-0045,led_road_lamp,grid,80,2023-01-15,,2024-11-07,field
POLE-0046,led_road_lamp,grid,80,2023-01-15,,2028-06-21,field
POLE-0047,led_road_lamp,grid,60,2023-01-15,,2028-01-04,field
POLE-0048,led_road_lamp,grid,60,2023-01-15,,2023-07-19,field
POLE-0049,led_road_lamp,grid,60,2023-01-15,,2024-06-14,field
POLE-0050,led_road_lamp,grid,60,2023-01-15,,2026-11-14,field
POLE-0051,led_road_lamp,grid,60,2023-01-15,,2026-11-24,field
POLE-0052,led_road_lamp,grid,60,2023-01-15,,2029-10-20,field
POLE-0053,led_road_lamp,grid,60,2023-01-15,,2025-11-03,field
POLE-0054,led_road_lamp,grid,40,2023-01-15,,2024-04-05,field
POLE-0055,led_road_lamp,grid,40,2023-01-15,,2029-07-21,field
POLE-0056,led_road_lamp,grid,40,2023-01-15,,2024-02-25,field
POLE-0057,led_road_lamp,grid,60,2023-01-15,,2024-02-15,field
POLE-0058,led_road_lamp,grid,60,2023-01-15,,2026-09-15,field
POLE-0059,led_road_lamp,grid,60,2023-01-15,,2027-11-08,field
POLE-0060,led_road_lamp,grid,60,2023-01-15,,2023-03-05,field
POLE-0061,led_road_lamp,grid,60,2023-01-15,,2026-07-02,field
POLE-0062,led_road_lamp,grid,60,2023-01-15,,2027-08-01,field
POLE-0063,led_road_lamp,grid,40,2023-01-15,,2029-09-24,field
POLE-0064,led_road_lamp,grid,40,2023-01-15,,2026-11-22,field
POLE-0065,led_road_lamp,grid,40,2023-01-15,,2026-07-19,field
POLE-0066,led_road_lamp,grid,40,2023-01-15,,2024-05-13,field
POLE-0067,led_road_lamp,grid,60,2023-01-15,,2026-05-27,field
POLE-0068,led_road_lamp,grid,40,2023-01-15,,2027-11-03,field
POLE-0069,led_road_lamp,grid,40,2023-01-15,,2025-04-05,field
POLE-0070,led_road_lamp,grid,40,2023-01-15,,2023-03-10,field
POLE-0071,led_road_lamp,grid,40,2023-01-15,,2027-02-19,field
POLE-0072,led_road_lamp,grid,60,2023-01-15,,2023-10-26,field
POLE-0073,led_road_lamp,grid,40,2023-01-15,,2024-07-27,field
POLE-0074,led_road_lamp,grid,60,2023-01-15,,2027-07-06,field
POLE-0075,led_road_lamp,grid,60,2023-01-15,,2025-04-27,field
POLE-0076,led_road_lamp,grid,60,2023-01-15,,2027-06-01,field
POLE-0077,led_road_lamp,grid,40,2023-01-15,,2026-10-23,field
POLE-0078,led_road_lamp,grid,60,2023-01-15,,2027-11-23,field
POLE-0079,led_road_lamp,grid,80,2023-01-15,,2028-08-18,field
POLE-0080,led_road_lamp,grid,40,2023-01-15,,2025-05-08,field
POLE-0081,led_road_lamp,grid,100,2023-01-15,,2028-12-19,field
POLE-0082,led_road_lamp,grid,60,2023-01-15,,2028-01-23,field
POLE-0083,led_road_lamp,grid,60,2023-01-15,,2025-11-28,field
POLE-0084,led_road_lamp,grid,40,2023-01-15,,2024-05-28,field
POLE-0085,led_road_lamp,grid,80,2023-01-15,,2027-03-26,field
POLE-0086,led_road_lamp,grid,80,2023-01-15,,2025-09-13,field
POLE-0087,led_road_lamp,grid,60,2023-01-15,,2023-04-21,field
POLE-0088,led_road_lamp,grid,80,2023-01-15,,2029-08-23,field
POLE-0089,led_road_lamp,grid,60,2023-01-15,,2026-02-22,field
POLE-0090,led_road_lamp,grid,60,2023-01-15,,2024-05-27,field
POLE-0091,led_road_lamp,grid,60,2023-01-15,,2026-08-04,field
POLE-0092,led_road_lamp,grid,60,2023-01-15,,2026-02-20,field
POLE-0093,led_road_lamp,grid,100,2023-01-15,,2026-04-22,field
POLE-0094,led_road_lamp,grid,60,2023-01-15,,2026-03-16,field
POLE-0095,led_road_lamp,grid,60,2023-01-15,,2027-02-16,field
POLE-0096,led_road_lamp,grid,80,2023-01-15,,2027-06-14,field
POLE-0097,led_road_lamp,grid,60,2023-01-15,,2027-02-11,field
POLE-0098,led_road_lamp,grid,60,2023-01-15,,2026-11-28,field
POLE-0099,led_road_lamp,grid,40,2023-01-15,,2027-01-07,field
POLE-0100,led_road_lamp,grid,40,2023-01-15,,2025-12-06,field
POLE-0101,led_road_lamp,grid,100,2023-01-15,,2025-08-23,field
POLE-0102,led_road_lamp,grid,60,2023-01-15,,2024-08-18,field
POLE-0103,led_road_lamp,grid,80,2023-01-15,,2029-06-26,field
