external_ref,segment_external_ref,commune_id,geom_wkt,data_source
POLE-0001,SEG-001,COM-001,"POINT(106.489639 10.970187)",field
POLE-0002,SEG-001,COM-001,"POINT(106.489921 10.970347)",field
POLE-0003,SEG-001,COM-001,"POINT(106.490201 10.970510)",field
POLE-0004,SEG-001,COM-001,"POINT(106.490481 10.970673)",field
POLE-0005,SEG-001,COM-001,"POINT(106.490762 10.970836)",field
POLE-0006,SEG-001,COM-001,"POINT(106.491044 10.970996)",field
POLE-0007,SEG-001,COM-001,"POINT(106.491325 10.971156)",field
POLE-0008,SEG-001,COM-001,"POINT(106.491607 10.971316)",field
POLE-0009,SEG-001,COM-001,"POINT(106.491889 10.971477)",field
POLE-0010,SEG-001,COM-001,"POINT(106.492171 10.971637)",field
POLE-0011,SEG-001,COM-001,"POINT(106.492453 10.971797)",field
POLE-0012,SEG-001,COM-001,"POINT(106.492735 10.971957)",field
POLE-0013,SEG-001,COM-001,"POINT(106.493020 10.972112)",field
POLE-0014,SEG-001,COM-001,"POINT(106.493301 10.972274)",field
POLE-0015,SEG-001,COM-001,"POINT(106.493579 10.972439)",field
POLE-0016,SEG-001,COM-001,"POINT(106.493858 10.972605)",field
POLE-0017,SEG-001,COM-001,"POINT(106.494139 10.972766)",field
POLE-0018,SEG-001,COM-001,"POINT(106.494421 10.972927)",field
POLE-0019,SEG-001,COM-001,"POINT(106.494703 10.973087)",field
POLE-0020,SEG-001,COM-001,"POINT(106.494983 10.973249)",field
POLE-0021,SEG-001,COM-001,"POINT(106.495265 10.973410)",field
POLE-0022,SEG-001,COM-001,"POINT(106.495546 10.973571)",field
POLE-0023,SEG-001,COM-001,"POINT(106.495827 10.973733)",field
POLE-0024,SEG-001,COM-001,"POINT(106.496112 10.973888)",field
POLE-0025,SEG-001,COM-001,"POINT(106.496396 10.974044)",field
POLE-0026,SEG-001,COM-001,"POINT(106.496678 10.974204)",field
POLE-0027,SEG-001,COM-001,"POINT(106.496960 10.974364)",field
POLE-0028,SEG-001,COM-001,"POINT(106.497242 10.974525)",field
POLE-0029,SEG-001,COM-001,"POINT(106.497524 10.974685)",field
POLE-0030,SEG-001,COM-001,"POINT(106.497805 10.974846)",field
POLE-0031,SEG-001,COM-001,"POINT(106.498087 10.975006)",field
POLE-0032,SEG-001,COM-001,"POINT(106.498367 10.975170)",field
POLE-0033,SEG-001,COM-001,"POINT(106.498642 10.975340)",field
POLE-0034,SEG-001,COM-001,"POINT(106.498926 10.975497)",field
POLE-0035,SEG-001,COM-001,"POINT(106.499209 10.975654)",field
POLE-0036,SEG-001,COM-001,"POINT(106.499493 10.975812)",field
POLE-0037,SEG-001,COM-001,"POINT(106.499777 10.975968)",field
POLE-0038,SEG-001,COM-001,"POINT(106.500061 10.976124)",field
POLE-0039,SEG-001,COM-001,"POINT(106.500339 10.976290)",field
POLE-0040,SEG-001,COM-001,"POINT(106.500618 10.976456)",field
POLE-0041,SEG-001,COM-001,"POINT(106.500901 10.976615)",field
POLE-0042,SEG-001,COM-001,"POINT(106.501182 10.976776)",field
POLE-0043,SEG-001,COM-001,"POINT(106.501463 10.976937)",field
POLE-0044,SEG-001,COM-001,"POINT(106.501745 10.977098)",field
POLE-0045,SEG-001,COM-001,"POINT(106.502027 10.977257)",field
POLE-0046,SEG-001,COM-001,"POINT(106.502308 10.977419)",field
POLE-0047,SEG-002,COM-001,"POINT(106.495788 10.964558)",field
POLE-0048,SEG-002,COM-001,"POINT(106.495934 10.964892)",field
POLE-0049,SEG-002,COM-001,"POINT(106.496081 10.965226)",field
POLE-0050,SEG-002,COM-001,"POINT(106.496220 10.965563)",field
POLE-0051,SEG-002,COM-001,"POINT(106.496347 10.965904)",field
POLE-0052,SEG-002,COM-001,"POINT(106.496444 10.966255)",field
POLE-0053,SEG-002,COM-001,"POINT(106.496523 10.966610)",field
POLE-0054,SEG-002,COM-001,"POINT(106.496604 10.966965)",field
POLE-0055,SEG-002,COM-001,"POINT(106.496689 10.967319)",field
POLE-0056,SEG-002,COM-001,"POINT(106.496773 10.967674)",field
POLE-0057,SEG-002,COM-001,"POINT(106.496857 10.968028)",field
POLE-0058,SEG-002,COM-001,"POINT(106.496944 10.968381)",field
POLE-0059,SEG-002,COM-001,"POINT(106.497032 10.968735)",field
POLE-0060,SEG-002,COM-001,"POINT(106.497118 10.969089)",field
POLE-0061,SEG-002,COM-001,"POINT(106.497167 10.969449)",field
POLE-0062,SEG-002,COM-001,"POINT(106.497198 10.969811)",field
POLE-0063,SEG-002,COM-001,"POINT(106.497211 10.970174)",field
POLE-0064,SEG-002,COM-001,"POINT(106.497241 10.970537)",field
POLE-0065,SEG-002,COM-001,"POINT(106.497270 10.970899)",field
POLE-0066,SEG-002,COM-001,"POINT(106.497367 10.971250)",field
POLE-0067,SEG-002,COM-001,"POINT(106.497450 10.971605)",field
POLE-0068,SEG-002,COM-001,"POINT(106.497522 10.971961)",field
POLE-0069,SEG-002,COM-001,"POINT(106.497600 10.972317)",field
POLE-0070,SEG-002,COM-001,"POINT(106.497684 10.972671)",field
POLE-0071,SEG-002,COM-001,"POINT(106.497769 10.973025)",field
POLE-0072,SEG-002,COM-001,"POINT(106.497853 10.973379)",field
POLE-0073,SEG-002,COM-001,"POINT(106.497940 10.973733)",field
POLE-0074,SEG-002,COM-001,"POINT(106.498035 10.974085)",field
POLE-0075,SEG-002,COM-001,"POINT(106.498130 10.974436)",field
POLE-0076,SEG-002,COM-001,"POINT(106.498226 10.974788)",field
POLE-0077,SEG-002,COM-001,"POINT(106.498321 10.975139)",field
POLE-0078,SEG-003,COM-001,"POINT(106.498048 10.963327)",field
POLE-0079,SEG-003,COM-001,"POINT(106.498204 10.963627)",field
POLE-0080,SEG-003,COM-001,"POINT(106.498322 10.963943)",field
POLE-0081,SEG-003,COM-001,"POINT(106.498474 10.964246)",field
POLE-0082,SEG-003,COM-001,"POINT(106.498626 10.964548)",field
POLE-0083,SEG-003,COM-001,"POINT(106.498778 10.964850)",field
POLE-0084,SEG-003,COM-001,"POINT(106.498914 10.965160)",field
POLE-0085,SEG-003,COM-001,"POINT(106.499035 10.965475)",field
POLE-0086,SEG-003,COM-001,"POINT(106.499156 10.965791)",field
POLE-0087,SEG-003,COM-001,"POINT(106.499011 10.966010)",field
POLE-0088,SEG-003,COM-001,"POINT(106.498688 10.966125)",field
POLE-0089,SEG-003,COM-001,"POINT(106.498547 10.966360)",field
POLE-0090,SEG-003,COM-001,"POINT(106.498681 10.966670)",field
POLE-0091,SEG-003,COM-001,"POINT(106.498815 10.966981)",field
POLE-0092,SEG-003,COM-001,"POINT(106.498935 10.967297)",field
POLE-0093,SEG-003,COM-001,"POINT(106.499054 10.967613)",field
POLE-0094,SEG-003,COM-001,"POINT(106.499172 10.967930)",field
POLE-0095,SEG-003,COM-001,"POINT(106.499284 10.968248)",field
POLE-0096,SEG-003,COM-001,"POINT(106.499478 10.968465)",field
POLE-0097,SEG-003,COM-001,"POINT(106.499683 10.968684)",field
POLE-0098,SEG-003,COM-001,"POINT(106.499679 10.969018)",field
POLE-0099,SEG-003,COM-001,"POINT(106.499652 10.969354)",field
POLE-0100,SEG-003,COM-001,"POINT(106.499639 10.969690)",field
POLE-0101,SEG-003,COM-001,"POINT(106.499742 10.970010)",field
POLE-0102,SEG-003,COM-001,"POINT(106.499873 10.970321)",field
POLE-0103,SEG-003,COM-001,"POINT(106.500004 10.970633)",field
